date,commit,label,harness,runs,scenario,frames,cpu_avg,cpu_p99,render_avg,scene_avg,unit_ai_avg,interval_p99,alloc_mbps
2026-10-05,dbb5424,pre-changes (before map/AI/stats round),fixed-step,3,idle_cluster,1200,9.4,11.8,4.5,4.89,2.92,17.4,386.18
2026-10-05,dbb5424,pre-changes (before map/AI/stats round),fixed-step,3,gun_cluster,1200,9.98,14.5,5.41,4.58,2.25,17.5,369.84
2026-10-05,dbb5424,pre-changes (before map/AI/stats round),fixed-step,3,rockets_cluster,1200,10.2,15.2,6.61,3.51,1.01,33,357.84
2026-10-05,dbb5424,pre-changes (before map/AI/stats round),fixed-step,3,mission_idle,1200,3.37,15.1,1.18,2.1,0.86,10.3,135.3
2026-10-05,2121b9e,slow baseline (map/AI/stats round),fixed-step,3,idle_cluster,1200,9.42,13.5,3.97,5.45,3.54,17.4,371.6
2026-10-05,2121b9e,slow baseline (map/AI/stats round),fixed-step,3,gun_cluster,1200,10.08,14.4,4.72,5.36,2.88,25.1,343.24
2026-10-05,2121b9e,slow baseline (map/AI/stats round),fixed-step,3,rockets_cluster,1200,9.19,15.3,5.46,3.75,0.98,33.4,307.07
2026-10-05,2121b9e,slow baseline (map/AI/stats round),fixed-step,3,mission_idle,1200,3.83,4.6,1.2,2.63,1.71,10.2,169.56
2026-10-05,ea3c3fc,HUD fastShapes,fixed-step,3,idle_cluster,1200,7.29,10.3,1.84,5.45,3.51,17,185.98
2026-10-05,ea3c3fc,HUD fastShapes,fixed-step,3,gun_cluster,1200,8.23,14.9,2.68,5.55,2.78,25.1,173.54
2026-10-05,ea3c3fc,HUD fastShapes,fixed-step,3,rockets_cluster,1200,7.44,12.1,3.64,3.8,0.99,33.4,139.61
2026-10-05,ea3c3fc,HUD fastShapes,fixed-step,3,mission_idle,1200,3.22,3.9,0.44,2.78,1.73,9.3,75.74
2026-10-05,ea3c3fc,real-input baseline,real-input,1,idle_empty,1209,1.52,3.1,0.5,1.02,0.03,9.3,29.8
2026-10-05,ea3c3fc,real-input baseline,real-input,1,gun_empty,1208,1.57,4,0.6,0.97,0.03,9.3,49.08
2026-10-05,ea3c3fc,real-input baseline,real-input,1,rockets_empty,1209,3.15,4.4,2.18,0.96,0.03,9.2,251.47
2026-10-05,ea3c3fc,real-input baseline,real-input,1,idle_cluster,1207,7.43,9.7,2.1,5.34,3.46,9.3,433.9
2026-10-05,ea3c3fc,real-input baseline,real-input,1,gun_cluster,1000,8.67,12.7,3.04,5.63,3.07,17.4,365.01
2026-10-05,ea3c3fc,real-input baseline,real-input,1,rockets_cluster,735,8.46,14.6,4.31,4.15,1.06,50.8,237.57
2026-10-05,ea3c3fc,real-input baseline,real-input,1,mission_idle,1208,2.95,3.8,0.43,2.53,1.65,9.3,149.95
2026-10-05,ea3c3fc,real-input baseline,real-input,1,mission_idle_s0,1208,2.39,3.1,0.41,1.98,1.18,9.3,115.63
2026-10-05,ea3c3fc,ribbons: before,real-input,3,starscream_cluster,629,13.42,19.2,7.31,6.14,1.54,49.9,504.24
2026-10-05,e70a6f7,ribbons: quads + buffers,real-input,3,starscream_cluster,671,12,17.9,6.3,5.87,1.58,34,488.58
2026-10-05,e70a6f7,ribbons: adaptive + alpha dedupe,real-input,3,starscream_cluster,664,11.15,16.9,5.57,5.65,1.53,41.7,351.18
2026-10-05,e70a6f7,text + unit AI: before,real-input,2,idle_cluster,1200.5,7.36,9.15,2.06,5.29,3.48,9.8,427.99
2026-10-05,e70a6f7,text + unit AI: before,real-input,2,gun_cluster,902.5,9.11,13.7,3.44,5.66,2.99,25.0,340.8
2026-10-05,e70a6f7,text + unit AI: before,real-input,2,tesla_cluster,1060.0,9.08,12.75,3.49,5.59,3.17,17.0,416.64
2026-10-05,e70a6f7,text + unit AI: before,real-input,2,mission_idle,1208.0,2.99,3.75,0.45,2.54,1.62,9.25,140.39
2026-10-05,22ba82c,text + unit AI (measured w/ interim guard),real-input,2,idle_cluster,1208.5,3.71,5.35,1.66,2.06,1.02,9.75,343.82
2026-10-05,22ba82c,text + unit AI (measured w/ interim guard),real-input,2,gun_cluster,984.5,6.64,10.75,3.46,3.2,1.09,21.0,326.38
2026-10-05,22ba82c,text + unit AI (measured w/ interim guard),real-input,2,tesla_cluster,1111.0,6.58,10.6,3.51,3.07,1.12,17.4,378.09
2026-10-05,22ba82c,text + unit AI (measured w/ interim guard),real-input,2,mission_idle,1208.0,2.06,4.45,0.66,1.41,0.78,10.15,121.29
2026-10-06,22ba82c,baseline after text + unit AI,real-input,3,idle_empty,1211,1.29,2.1,0.76,0.54,0.05,9.3,28.67
2026-10-06,22ba82c,baseline after text + unit AI,real-input,3,gun_empty,1210,1.61,3.1,0.89,0.72,0.05,9.3,54.1
2026-10-06,22ba82c,baseline after text + unit AI,real-input,3,rockets_empty,1208,2.83,3.8,2.23,0.6,0.03,9.3,257.4
2026-10-06,22ba82c,baseline after text + unit AI,real-input,3,idle_cluster,1209,4.23,6,2.02,2.21,1.06,9.3,364.66
2026-10-06,22ba82c,baseline after text + unit AI,real-input,3,gun_cluster,904,7.27,11.9,3.76,3.54,1.13,25,299.9
2026-10-06,22ba82c,baseline after text + unit AI,real-input,3,rockets_cluster,765,7.21,13.1,4.31,2.9,0.56,42.3,225.81
2026-10-06,22ba82c,baseline after text + unit AI,real-input,3,starscream_cluster,690,10.05,15.2,5.75,4.27,0.76,42.2,385.47
2026-10-06,22ba82c,baseline after text + unit AI,real-input,3,tesla_cluster,1103,6.47,10.1,3.41,3.06,1.09,16.8,361.02
2026-10-06,22ba82c,baseline after text + unit AI,real-input,3,tow_cluster,842,8.12,12.5,4.57,3.69,1.02,25.5,293.45
2026-10-06,22ba82c,baseline after text + unit AI,real-input,3,mission_idle,1208,1.93,4.4,0.62,1.32,0.68,9.3,120.19
2026-10-06,22ba82c,baseline after text + unit AI,real-input,3,mission_idle_s0,1208,1.9,3.8,0.64,1.26,0.65,9.3,88.97
2026-10-06,8788407,"batched edge-light pipeline (experiment, reverted: slower)",real-input,3,idle_cluster,1204,4.21,6.3,1.98,2.23,1.06,9.3,346.55
2026-10-06,8788407,"batched edge-light pipeline (experiment, reverted: slower)",real-input,3,gun_cluster,752,7.02,11,3.49,3.52,1.14,25.9,244.01
2026-10-06,8788407,"batched edge-light pipeline (experiment, reverted: slower)",real-input,3,rockets_cluster,412,8.24,13,4.68,3.56,0.76,66.7,124.63
2026-10-06,8788407,"batched edge-light pipeline (experiment, reverted: slower)",real-input,3,starscream_cluster,370,12.22,27.5,7.07,4.94,0.93,58.7,198.17
2026-10-06,8788407,"batched edge-light pipeline (experiment, reverted: slower)",real-input,3,tesla_cluster,955,6.64,10.5,3.4,3.26,1.25,17.4,311.22
2026-10-06,8788407,"batched edge-light pipeline (experiment, reverted: slower)",real-input,3,mission_idle,1208,1.92,4.2,0.68,1.18,0.6,9.3,120.92
